time,prec,swe,empty,tmin,tmax,lat,lon,siteID,data10
20170101,0,121.92,0,-23.2166666666667,-7.76666666666667,45.17,-113.5,7600,355
20170102,0,121.92,0,-28.3666666666667,-17.4944444444444,45.17,-113.5,7600,355
20170103,0,121.92,0,-29.5111111111111,-10.0555555555556,45.17,-113.5,7600,355
20170104,0,121.92,0,-30.0833333333333,-16.35,45.17,-113.5,7600,355
20170105,2.54,121.92,0,-31.2277777777778,-13.4888888888889,45.17,-113.5,7600,355
20170106,0,121.92,0,-18.6388888888889,-6.05,45.17,-113.5,7600,355
20170107,5.08,121.92,0,-22.0722222222222,-3.76111111111111,45.17,-113.5,7600,355
20170108,7.62,127,0,-5.47777777777778,-0.327777777777778,45.17,-113.5,7600,355
20170109,5.08,134.62,0,-7.76666666666667,-0.327777777777778,45.17,-113.5,7600,355
20170110,7.62,139.7,0,-9.48333333333333,-5.47777777777778,45.17,-113.5,7600,355
20170111,10.16,147.32,0,-10.6277777777778,-1.47222222222222,45.17,-113.5,7600,355
20170112,0,157.48,0,-19.2111111111111,-7.19444444444444,45.17,-113.5,7600,355
20170113,0,157.48,0,-20.3555555555556,-5.47777777777778,45.17,-113.5,7600,355
20170114,0,157.48,0,-18.0666666666667,-3.76111111111111,45.17,-113.5,7600,355
20170115,0,157.48,0,-16.9222222222222,-2.61666666666667,45.17,-113.5,7600,355
20170116,2.54,157.48,0,-17.4944444444444,-2.61666666666667,45.17,-113.5,7600,355
20170117,2.54,157.48,0,-10.6277777777778,4.25,45.17,-113.5,7600,355
20170118,0,157.48,0,-6.62222222222222,3.67777777777778,45.17,-113.5,7600,355
20170119,5.08,157.48,0,-4.90555555555556,0.244444444444443,45.17,-113.5,7600,355
20170120,0,162.56,0,-12.3444444444444,-3.76111111111111,45.17,-113.5,7600,355
20170121,0,160.02,0,-12.3444444444444,-1.47222222222222,45.17,-113.5,7600,355
20170122,0,160.02,0,-14.0611111111111,-4.33333333333333,45.17,-113.5,7600,355
20170123,0,160.02,0,-16.35,-4.33333333333333,45.17,-113.5,7600,355
20170124,0,160.02,0,NaN,NaN,45.17,-113.5,7600,355
20170125,0,160.02,0,NaN,NaN,45.17,-113.5,7600,355
20170126,0,160.02,0,-19.2111111111111,-7.19444444444444,45.17,-113.5,7600,355
20170127,0,160.02,0,-20.3555555555556,-0.900000000000001,45.17,-113.5,7600,355
20170128,2.54,160.02,0,-8.33888888888889,2.53333333333333,45.17,-113.5,7600,355
20170129,0,162.56,0,-4.33333333333333,6.53888888888889,45.17,-113.5,7600,355
20170130,0,162.56,0,-4.33333333333333,2.53333333333333,45.17,-113.5,7600,355
20170131,5.08,162.56,0,-10.6277777777778,-0.327777777777778,45.17,-113.5,7600,355
20170201,0,167.64,0,-18.6388888888889,-10.6277777777778,45.17,-113.5,7600,355
20170202,7.62,167.64,0,-24.3611111111111,-10.6277777777778,45.17,-113.5,7600,355
20170203,2.54,175.26,0,-18.6388888888889,0.244444444444443,45.17,-113.5,7600,355
20170204,10.16,177.8,0,-3.18888888888889,-0.327777777777778,45.17,-113.5,7600,355
20170205,2.54,187.96,0,-2.61666666666667,0.244444444444443,45.17,-113.5,7600,355
20170206,10.16,190.5,0,-7.19444444444444,-0.327777777777778,45.17,-113.5,7600,355
20170207,7.62,200.66,0,-11.2,-2.04444444444444,45.17,-113.5,7600,355
20170208,10.16,208.28,0,-6.62222222222222,0.816666666666666,45.17,-113.5,7600,355
20170209,5.08,218.44,0,0.244444444444443,3.67777777777778,45.17,-113.5,7600,355
20170210,7.62,223.52,0,-4.33333333333333,1.38888888888889,45.17,-113.5,7600,355
20170211,5.08,231.14,0,-15.7777777777778,-2.61666666666667,45.17,-113.5,7600,355
20170212,2.54,233.68,0,-15.7777777777778,2.53333333333333,45.17,-113.5,7600,355
20170213,0,236.22,0,-13.4888888888889,4.82222222222222,45.17,-113.5,7600,355
20170214,2.54,236.22,0,-9.48333333333333,9.4,45.17,-113.5,7600,355
20170215,0,236.22,0,-5.47777777777778,10.5444444444444,45.17,-113.5,7600,355
20170216,0,238.76,0,-2.04444444444444,5.96666666666667,45.17,-113.5,7600,355
20170217,0,238.76,0,-3.18888888888889,3.67777777777778,45.17,-113.5,7600,355
20170218,0,238.76,0,-2.61666666666667,4.25,45.17,-113.5,7600,355
20170219,7.62,238.76,0,-4.33333333333333,1.38888888888889,45.17,-113.5,7600,355
20170220,7.62,246.38,0,-4.90555555555556,1.38888888888889,45.17,-113.5,7600,355
20170221,2.54,254,0,-4.33333333333333,0.816666666666666,45.17,-113.5,7600,355
20170222,5.08,256.54,0,-7.76666666666667,-0.327777777777778,45.17,-113.5,7600,355
20170223,17.78,261.62,0,-10.6277777777778,-6.62222222222222,45.17,-113.5,7600,355
20170224,0,279.4,0,-15.2055555555556,-5.47777777777778,45.17,-113.5,7600,355
20170225,0,279.4,0,-19.2111111111111,-8.91111111111111,45.17,-113.5,7600,355
20170226,5.08,279.4,0,-12.9166666666667,-6.62222222222222,45.17,-113.5,7600,355
20170227,2.54,284.48,0,-15.2055555555556,-2.04444444444444,45.17,-113.5,7600,355
20170228,0,284.48,0,-13.4888888888889,-6.05,45.17,-113.5,7600,355
20170301,2.54,284.48,0,-10.6277777777778,-0.900000000000001,45.17,-113.5,7600,355
20170302,2.54,287.02,0,-8.91111111111111,2.53333333333333,45.17,-113.5,7600,355
20170303,0,287.02,0,-4.90555555555556,5.39444444444444,45.17,-113.5,7600,355
20170304,0,289.56,0,-2.61666666666667,2.53333333333333,45.17,-113.5,7600,355
20170305,0,289.56,0,-9.48333333333333,-1.47222222222222,45.17,-113.5,7600,355
20170306,2.54,289.56,0,-11.7722222222222,-4.33333333333333,45.17,-113.5,7600,355
20170307,5.08,292.1,0,-11.7722222222222,-2.04444444444444,45.17,-113.5,7600,355
20170308,7.62,297.18,0,-2.61666666666667,0.816666666666666,45.17,-113.5,7600,355
20170309,12.7,304.8,0,-0.327777777777778,5.96666666666667,45.17,-113.5,7600,355
20170310,5.08,317.5,0,-3.18888888888889,6.53888888888889,45.17,-113.5,7600,355
20170311,0,322.58,0,-5.47777777777778,7.68333333333333,45.17,-113.5,7600,355
20170312,5.08,322.58,0,-3.18888888888889,4.82222222222222,45.17,-113.5,7600,355
20170313,0,320.04,0,-2.61666666666667,9.97222222222222,45.17,-113.5,7600,355
20170314,0,320.04,0,1.38888888888889,11.1166666666667,45.17,-113.5,7600,355
20170315,0,320.04,0,1.38888888888889,11.6888888888889,45.17,-113.5,7600,355
20170316,7.62,317.5,0,-3.18888888888889,6.53888888888889,45.17,-113.5,7600,355
20170317,0,320.04,0,-6.62222222222222,9.4,45.17,-113.5,7600,355
20170318,0,314.96,0,1.38888888888889,12.8333333333333,45.17,-113.5,7600,355
20170319,2.54,309.88,0,-0.900000000000001,5.39444444444444,45.17,-113.5,7600,355
20170320,2.54,309.88,0,-1.47222222222222,7.11111111111111,45.17,-113.5,7600,355
20170321,2.54,309.88,0,-1.47222222222222,9.97222222222222,45.17,-113.5,7600,355
20170322,0,309.88,0,-2.61666666666667,7.11111111111111,45.17,-113.5,7600,355
20170323,0,309.88,0,-6.62222222222222,5.39444444444444,45.17,-113.5,7600,355
20170324,5.08,317.5,0,-6.62222222222222,8.25555555555556,45.17,-113.5,7600,355
20170325,2.54,320.04,0,-5.47777777777778,5.96666666666667,45.17,-113.5,7600,355
20170326,2.54,317.5,0,-8.33888888888889,5.96666666666667,45.17,-113.5,7600,355
20170327,5.08,314.96,0,-6.05,5.39444444444444,45.17,-113.5,7600,355
20170328,2.54,320.04,0,-8.33888888888889,5.39444444444444,45.17,-113.5,7600,355
20170329,10.16,322.58,0,-4.90555555555556,5.39444444444444,45.17,-113.5,7600,355
20170330,20.32,332.74,0,-2.61666666666667,2.53333333333333,45.17,-113.5,7600,355
20170331,5.08,353.06,0,-3.18888888888889,3.10555555555556,45.17,-113.5,7600,355
20170401,7.62,355.6,0,-6.62222222222222,9.97222222222222,45.17,-113.5,7600,355
20170402,0,355.6,0,-8.33888888888889,7.11111111111111,45.17,-113.5,7600,355
20170403,0,358.14,0,-10.0555555555556,-1.47222222222222,45.17,-113.5,7600,355
20170404,5.08,360.68,0,-14.6333333333333,4.25,45.17,-113.5,7600,355
20170405,0,363.22,0,-6.05,8.82777777777778,45.17,-113.5,7600,355
20170406,2.54,363.22,0,-0.900000000000001,11.1166666666667,45.17,-113.5,7600,355
20170407,0,365.76,0,-2.04444444444444,4.82222222222222,45.17,-113.5,7600,355
20170408,7.62,378.46,0,-6.05,4.82222222222222,45.17,-113.5,7600,355
20170409,0,386.08,0,-8.91111111111111,2.53333333333333,45.17,-113.5,7600,355
20170410,0,386.08,0,-11.2,3.10555555555556,45.17,-113.5,7600,355
20170411,0,386.08,0,-12.9166666666667,5.96666666666667,45.17,-113.5,7600,355
20170412,5.08,386.08,0,-1.47222222222222,11.1166666666667,45.17,-113.5,7600,355
20170413,5.08,391.16,0,-2.61666666666667,12.8333333333333,45.17,-113.5,7600,355
20170414,2.54,396.24,0,NaN,NaN,45.17,-113.5,7600,355
20170415,5.08,398.78,0,NaN,NaN,45.17,-113.5,7600,355
20170416,2.54,401.32,0,-9.48333333333333,9.4,45.17,-113.5,7600,355
20170417,7.62,403.86,0,-0.900000000000001,8.25555555555556,45.17,-113.5,7600,355
20170418,0,411.48,0,-2.61666666666667,10.5444444444444,45.17,-113.5,7600,355
20170419,2.54,408.94,0,-6.62222222222222,8.82777777777778,45.17,-113.5,7600,355
20170420,2.54,408.94,0,-3.76111111111111,4.82222222222222,45.17,-113.5,7600,355
20170421,0,408.94,0,-6.05,5.39444444444444,45.17,-113.5,7600,355
20170422,5.08,416.56,0,-7.76666666666667,9.97222222222222,45.17,-113.5,7600,355
20170423,7.62,406.4,0,-0.327777777777778,7.68333333333333,45.17,-113.5,7600,355
20170424,0,414.02,0,-2.04444444444444,5.39444444444444,45.17,-113.5,7600,355
20170425,2.54,416.56,0,-2.04444444444444,7.11111111111111,45.17,-113.5,7600,355
20170426,5.08,416.56,0,-2.61666666666667,5.96666666666667,45.17,-113.5,7600,355
20170427,5.08,421.64,0,-8.33888888888889,4.25,45.17,-113.5,7600,355
20170428,0,419.1,0,-7.76666666666667,5.39444444444444,45.17,-113.5,7600,355
20170429,5.08,416.56,0,-9.48333333333333,8.25555555555556,45.17,-113.5,7600,355
20170430,2.54,411.48,0,-1.47222222222222,7.11111111111111,45.17,-113.5,7600,355
20170501,0,414.02,0,-3.76111111111111,8.25555555555556,45.17,-113.5,7600,355
20170502,0,401.32,0,-3.18888888888889,8.82777777777778,45.17,-113.5,7600,355
20170503,0,388.62,0,-6.62222222222222,13.9777777777778,45.17,-113.5,7600,355
20170504,0,368.3,0,-0.900000000000001,20.2722222222222,45.17,-113.5,7600,355
20170505,2.54,345.44,0,1.38888888888889,19.1277777777778,45.17,-113.5,7600,355
20170506,0,320.04,0,1.38888888888889,16.8388888888889,45.17,-113.5,7600,355
20170507,0,289.56,0,-1.47222222222222,7.68333333333333,45.17,-113.5,7600,355
20170508,2.54,274.32,0,-3.76111111111111,12.8333333333333,45.17,-113.5,7600,355
20170509,0,254,0,-2.61666666666667,13.9777777777778,45.17,-113.5,7600,355
20170510,0,236.22,0,-1.47222222222222,17.4111111111111,45.17,-113.5,7600,355
20170511,0,208.28,0,0.244444444444443,19.1277777777778,45.17,-113.5,7600,355
20170512,0,177.8,0,-1.47222222222222,13.9777777777778,45.17,-113.5,7600,355
20170513,7.62,165.1,0,-7.19444444444444,3.67777777777778,45.17,-113.5,7600,355
20170514,2.54,172.72,0,-7.76666666666667,7.68333333333333,45.17,-113.5,7600,355
20170515,0,172.72,0,-3.18888888888889,8.82777777777778,45.17,-113.5,7600,355
20170516,12.7,170.18,0,-3.76111111111111,4.82222222222222,45.17,-113.5,7600,355
20170517,30.48,182.88,0,-4.90555555555556,0.244444444444443,45.17,-113.5,7600,355
20170518,5.08,210.82,0,-1.47222222222222,4.82222222222222,45.17,-113.5,7600,355
20170519,0,208.28,0,-0.900000000000001,10.5444444444444,45.17,-113.5,7600,355
20170520,0,200.66,0,-0.900000000000001,12.8333333333333,45.17,-113.5,7600,355
20170521,2.54,195.58,0,-2.61666666666667,13.9777777777778,45.17,-113.5,7600,355
20170522,0,180.34,0,-1.47222222222222,16.2666666666667,45.17,-113.5,7600,355
20170523,0,154.94,0,-0.327777777777778,19.1277777777778,45.17,-113.5,7600,355
20170524,0,119.38,0,-2.61666666666667,13.9777777777778,45.17,-113.5,7600,355
20170525,2.54,83.82,0,-4.33333333333333,7.11111111111111,45.17,-113.5,7600,355
20170526,0,78.74,0,-0.900000000000001,11.1166666666667,45.17,-113.5,7600,355
20170527,2.54,71.12,0,-1.47222222222222,13.4055555555556,45.17,-113.5,7600,355
20170528,0,48.26,0,-1.47222222222222,16.8388888888889,45.17,-113.5,7600,355
20170529,2.54,20.32,0,0.816666666666666,18.5555555555556,45.17,-113.5,7600,355
20170530,0,0,0,2.53333333333333,20.2722222222222,45.17,-113.5,7600,355
20170531,2.54,0,0,3.67777777777778,21.9888888888889,45.17,-113.5,7600,355
20170601,2.54,0,0,3.67777777777778,17.4111111111111,45.17,-113.5,7600,355
20170602,2.54,0,0,1.96111111111111,16.2666666666667,45.17,-113.5,7600,355
20170603,7.62,0,0,1.38888888888889,20.2722222222222,45.17,-113.5,7600,355
20170604,5.08,0,0,3.67777777777778,22.5611111111111,45.17,-113.5,7600,355
20170605,5.08,0,0,1.38888888888889,15.6944444444444,45.17,-113.5,7600,355
20170606,0,0,0,1.38888888888889,19.1277777777778,45.17,-113.5,7600,355
20170607,2.54,0,0,4.25,24.85,45.17,-113.5,7600,355
20170608,0,0,0,6.53888888888889,23.1333333333333,45.17,-113.5,7600,355
20170609,0,0,0,3.10555555555556,14.55,45.17,-113.5,7600,355
20170610,0,0,0,-2.61666666666667,8.25555555555556,45.17,-113.5,7600,355
20170611,2.54,0,0,-4.33333333333333,13.9777777777778,45.17,-113.5,7600,355
20170612,0,0,0,-0.327777777777778,12.2611111111111,45.17,-113.5,7600,355
20170613,7.62,0,0,0.816666666666666,4.82222222222222,45.17,-113.5,7600,355
20170614,15.24,0,0,0.244444444444443,13.9777777777778,45.17,-113.5,7600,355
20170615,2.54,0,0,1.96111111111111,13.9777777777778,45.17,-113.5,7600,355
20170616,2.54,0,0,3.67777777777778,11.6888888888889,45.17,-113.5,7600,355
20170617,5.08,0,0,2.53333333333333,14.55,45.17,-113.5,7600,355
20170618,0,0,0,3.67777777777778,13.9777777777778,45.17,-113.5,7600,355
20170619,0,0,0,2.53333333333333,22.5611111111111,45.17,-113.5,7600,355
20170620,0,0,0,8.25555555555556,25.4222222222222,45.17,-113.5,7600,355
20170621,0,0,0,7.68333333333333,21.4166666666667,45.17,-113.5,7600,355
20170622,0,0,0,-0.327777777777778,16.2666666666667,45.17,-113.5,7600,355
20170623,0,0,0,-2.04444444444444,18.5555555555556,45.17,-113.5,7600,355
20170624,0,0,0,0.244444444444443,20.8444444444444,45.17,-113.5,7600,355
20170625,0,0,0,3.10555555555556,23.7055555555556,45.17,-113.5,7600,355
20170626,0,0,0,6.53888888888889,25.9944444444445,45.17,-113.5,7600,355
20170627,0,0,0,5.96666666666667,17.9833333333333,45.17,-113.5,7600,355
20170628,0,0,0,4.82222222222222,15.6944444444444,45.17,-113.5,7600,355
20170629,0,0,0,1.96111111111111,13.4055555555556,45.17,-113.5,7600,355
20170630,0,0,0,0.816666666666666,20.2722222222222,45.17,-113.5,7600,355
20170701,0,0,0,4.25,21.9888888888889,45.17,-113.5,7600,355
20170702,0,0,0,6.53888888888889,23.7055555555556,45.17,-113.5,7600,355
20170703,0,0,0,6.53888888888889,25.4222222222222,45.17,-113.5,7600,355
20170704,0,0,0,5.39444444444444,24.2777777777778,45.17,-113.5,7600,355
20170705,0,0,0,8.25555555555556,28.8555555555556,45.17,-113.5,7600,355
20170706,0,0,0,7.68333333333333,27.7111111111111,45.17,-113.5,7600,355
20170707,0,0,0,8.82777777777778,27.7111111111111,45.17,-113.5,7600,355
20170708,0,0,0,9.97222222222222,28.2833333333333,45.17,-113.5,7600,355
20170709,0,0,0,8.82777777777778,25.9944444444445,45.17,-113.5,7600,355
20170710,0,0,0,7.11111111111111,23.1333333333333,45.17,-113.5,7600,355
20170711,0,0,0,5.96666666666667,23.1333333333333,45.17,-113.5,7600,355
20170712,0,0,0,4.25,23.7055555555556,45.17,-113.5,7600,355
20170713,0,0,0,7.11111111111111,27.7111111111111,45.17,-113.5,7600,355
20170714,0,0,0,7.11111111111111,26.5666666666667,45.17,-113.5,7600,355
20170715,0,0,0,8.25555555555556,28.2833333333333,45.17,-113.5,7600,355
20170716,0,0,0,7.11111111111111,24.2777777777778,45.17,-113.5,7600,355
20170717,0,0,0,4.82222222222222,23.1333333333333,45.17,-113.5,7600,355
20170718,0,0,0,5.39444444444444,24.85,45.17,-113.5,7600,355
20170719,0,0,0,5.39444444444444,25.9944444444445,45.17,-113.5,7600,355
20170720,0,0,0,5.96666666666667,25.9944444444445,45.17,-113.5,7600,355
20170721,0,0,0,3.67777777777778,23.1333333333333,45.17,-113.5,7600,355
20170722,0,0,0,3.67777777777778,24.85,45.17,-113.5,7600,355
20170723,0,0,0,6.53888888888889,25.9944444444445,45.17,-113.5,7600,355
20170724,0,0,0,7.68333333333333,25.9944444444445,45.17,-113.5,7600,355
20170725,0,0,0,8.25555555555556,23.7055555555556,45.17,-113.5,7600,355
20170726,0,0,0,6.53888888888889,21.9888888888889,45.17,-113.5,7600,355
20170727,0,0,0,4.82222222222222,21.9888888888889,45.17,-113.5,7600,355
20170728,0,0,0,5.96666666666667,23.1333333333333,45.17,-113.5,7600,355
20170729,0,0,0,5.96666666666667,26.5666666666667,45.17,-113.5,7600,355
20170730,0,0,0,8.25555555555556,27.1388888888889,45.17,-113.5,7600,355
20170731,0,0,0,7.11111111111111,26.5666666666667,45.17,-113.5,7600,355
20170801,0,0,0,7.11111111111111,25.9944444444445,45.17,-113.5,7600,355
20170802,0,0,0,4.25,25.9944444444445,45.17,-113.5,7600,355
20170803,0,0,0,4.82222222222222,25.4222222222222,45.17,-113.5,7600,355
20170804,0,0,0,6.53888888888889,25.4222222222222,45.17,-113.5,7600,355
20170805,0,0,0,4.82222222222222,23.1333333333333,45.17,-113.5,7600,355
20170806,0,0,0,3.10555555555556,20.8444444444444,45.17,-113.5,7600,355
20170807,0,0,0,4.25,21.9888888888889,45.17,-113.5,7600,355
20170808,0,0,0,6.53888888888889,22.5611111111111,45.17,-113.5,7600,355
20170809,0,0,0,4.82222222222222,20.2722222222222,45.17,-113.5,7600,355
20170810,0,0,0,4.25,22.5611111111111,45.17,-113.5,7600,355
20170811,0,0,0,5.39444444444444,21.9888888888889,45.17,-113.5,7600,355
20170812,0,0,0,5.39444444444444,23.7055555555556,45.17,-113.5,7600,355
20170813,0,0,0,6.53888888888889,17.4111111111111,45.17,-113.5,7600,355
20170814,0,0,0,7.11111111111111,16.8388888888889,45.17,-113.5,7600,355
20170815,0,0,0,1.96111111111111,19.7,45.17,-113.5,7600,355
20170816,0,0,0,2.53333333333333,21.4166666666667,45.17,-113.5,7600,355
20170817,0,0,0,3.67777777777778,21.4166666666667,45.17,-113.5,7600,355
20170818,0,0,0,3.67777777777778,23.1333333333333,45.17,-113.5,7600,355
20170819,0,0,0,5.39444444444444,23.1333333333333,45.17,-113.5,7600,355
20170820,0,0,0,0.816666666666666,20.8444444444444,45.17,-113.5,7600,355
20170821,0,0,0,1.96111111111111,21.4166666666667,45.17,-113.5,7600,355
20170822,0,0,0,4.82222222222222,24.85,45.17,-113.5,7600,355
20170823,2.54,0,0,5.96666666666667,24.2777777777778,45.17,-113.5,7600,355
20170824,2.54,0,0,5.96666666666667,19.7,45.17,-113.5,7600,355
20170825,0,0,0,4.25,22.5611111111111,45.17,-113.5,7600,355
20170826,0,0,0,4.82222222222222,23.1333333333333,45.17,-113.5,7600,355
20170827,0,0,0,5.39444444444444,25.9944444444445,45.17,-113.5,7600,355
20170828,0,0,0,7.11111111111111,27.7111111111111,45.17,-113.5,7600,355
20170829,0,0,0,8.25555555555556,27.1388888888889,45.17,-113.5,7600,355
20170830,0,0,0,7.68333333333333,24.2777777777778,45.17,-113.5,7600,355
20170831,0,0,0,7.11111111111111,23.1333333333333,45.17,-113.5,7600,355
20170901,0,0,0,4.25,24.2777777777778,45.17,-113.5,7600,355
20170902,0,0,0,6.53888888888889,26.5666666666667,45.17,-113.5,7600,355
20170903,0,0,0,9.97222222222222,29.4277777777778,45.17,-113.5,7600,355
20170904,0,0,0,5.96666666666667,25.4222222222222,45.17,-113.5,7600,355
20170905,0,0,0,1.96111111111111,24.85,45.17,-113.5,7600,355
20170906,0,0,0,5.96666666666667,25.9944444444445,45.17,-113.5,7600,355
20170907,0,0,0,7.11111111111111,26.5666666666667,45.17,-113.5,7600,355
20170908,0,0,0,7.68333333333333,24.85,45.17,-113.5,7600,355
20170909,0,0,0,5.96666666666667,22.5611111111111,45.17,-113.5,7600,355
20170910,0,0,0,6.53888888888889,21.9888888888889,45.17,-113.5,7600,355
20170911,0,0,0,3.10555555555556,24.2777777777778,45.17,-113.5,7600,355
20170912,0,0,0,5.39444444444444,23.7055555555556,45.17,-113.5,7600,355
20170913,0,0,0,7.11111111111111,17.4111111111111,45.17,-113.5,7600,355
20170914,0,0,0,0.244444444444443,10.5444444444444,45.17,-113.5,7600,355
20170915,20.32,0,0,-2.61666666666667,0.816666666666666,45.17,-113.5,7600,355
20170916,0,12.7,0,-2.61666666666667,3.67777777777778,45.17,-113.5,7600,355
20170917,0,10.16,0,-2.61666666666667,8.82777777777778,45.17,-113.5,7600,355
20170918,17.78,2.54,0,-0.327777777777778,5.96666666666667,45.17,-113.5,7600,355
20170919,2.54,0,0,-1.47222222222222,2.53333333333333,45.17,-113.5,7600,355
20170920,12.7,0,0,-2.04444444444444,1.96111111111111,45.17,-113.5,7600,355
20170921,2.54,12.7,0,-2.61666666666667,2.53333333333333,45.17,-113.5,7600,355
20170922,5.08,15.24,0,-2.61666666666667,1.38888888888889,45.17,-113.5,7600,355
20170923,2.54,20.32,0,-3.76111111111111,3.10555555555556,45.17,-113.5,7600,355
20170924,2.54,17.78,0,-8.33888888888889,4.82222222222222,45.17,-113.5,7600,355
20170925,0,17.78,0,-2.04444444444444,7.68333333333333,45.17,-113.5,7600,355
20170926,0,15.24,0,-2.04444444444444,8.25555555555556,45.17,-113.5,7600,355
20170927,0,5.08,0,-2.04444444444444,12.8333333333333,45.17,-113.5,7600,355
20170928,2.54,0,0,-2.04444444444444,14.55,45.17,-113.5,7600,355
20170929,2.54,0,0,-0.900000000000001,15.1222222222222,45.17,-113.5,7600,355
20170930,0,0,0,-3.18888888888889,5.96666666666667,45.17,-113.5,7600,355
20171001,0,0,0,-4.90555555555556,1.96111111111111,45.17,-113.5,7600,355
20171002,0,0,0,-2.61666666666667,4.25,45.17,-113.5,7600,355
20171003,2.54,0,0,NaN,NaN,45.17,-113.5,7600,355
20171004,10.16,0,0,NaN,NaN,45.17,-113.5,7600,355
20171005,2.54,2.54,0,-4.90555555555556,5.39444444444444,45.17,-113.5,7600,355
20171006,0,5.08,0,-2.04444444444444,9.4,45.17,-113.5,7600,355
20171007,0,0,0,-2.04444444444444,9.4,45.17,-113.5,7600,355
20171008,0,0,0,-6.05,3.10555555555556,45.17,-113.5,7600,355
20171009,0,0,0,-6.62222222222222,5.96666666666667,45.17,-113.5,7600,355
20171010,0,0,0,-4.33333333333333,9.97222222222222,45.17,-113.5,7600,355
20171011,0,0,0,-4.90555555555556,7.68333333333333,45.17,-113.5,7600,355
20171012,0,0,0,-5.47777777777778,2.53333333333333,45.17,-113.5,7600,355
20171013,2.54,0,0,-5.47777777777778,0.244444444444443,45.17,-113.5,7600,355
20171014,0,2.54,0,-6.62222222222222,1.38888888888889,45.17,-113.5,7600,355
20171015,2.54,2.54,0,-5.47777777777778,9.97222222222222,45.17,-113.5,7600,355
20171016,0,0,0,-1.47222222222222,12.2611111111111,45.17,-113.5,7600,355
20171017,2.54,0,0,-2.04444444444444,12.2611111111111,45.17,-113.5,7600,355
20171018,0,0,0,-1.47222222222222,11.6888888888889,45.17,-113.5,7600,355
20171019,0,0,0,0.816666666666666,15.1222222222222,45.17,-113.5,7600,355
20171020,5.08,0,0,-4.33333333333333,7.11111111111111,45.17,-113.5,7600,355
20171021,7.62,5.08,0,-4.90555555555556,-0.327777777777778,45.17,-113.5,7600,355
20171022,7.62,10.16,0,-0.900000000000001,3.67777777777778,45.17,-113.5,7600,355
20171023,2.54,17.78,0,-3.76111111111111,5.39444444444444,45.17,-113.5,7600,355
20171024,0,17.78,0,-4.90555555555556,12.2611111111111,45.17,-113.5,7600,355
20171025,0,17.78,0,-2.04444444444444,12.2611111111111,45.17,-113.5,7600,355
20171026,0,17.78,0,-3.18888888888889,6.53888888888889,45.17,-113.5,7600,355
20171027,0,17.78,0,-3.76111111111111,10.5444444444444,45.17,-113.5,7600,355
20171028,0,17.78,0,-2.61666666666667,13.9777777777778,45.17,-113.5,7600,355
20171029,0,17.78,0,-4.33333333333333,11.1166666666667,45.17,-113.5,7600,355
20171030,0,17.78,0,-9.48333333333333,1.96111111111111,45.17,-113.5,7600,355
20171031,0,15.24,0,-9.48333333333333,3.67777777777778,45.17,-113.5,7600,355
20171101,2.54,15.24,0,-3.18888888888889,3.67777777777778,45.17,-113.5,7600,355
20171102,10.16,17.78,0,-3.76111111111111,0.244444444444443,45.17,-113.5,7600,355
20171103,20.32,27.94,0,-3.76111111111111,0.816666666666666,45.17,-113.5,7600,355
20171104,2.54,48.26,0,-12.9166666666667,-3.18888888888889,45.17,-113.5,7600,355
20171105,5.08,50.8,0,-12.9166666666667,-3.76111111111111,45.17,-113.5,7600,355
20171106,2.54,55.88,0,-16.35,-2.61666666666667,45.17,-113.5,7600,355
20171107,5.08,55.88,0,-19.7833333333333,-2.61666666666667,45.17,-113.5,7600,355
20171108,2.54,58.42,0,-9.48333333333333,2.53333333333333,45.17,-113.5,7600,355
20171109,2.54,58.42,0,-5.47777777777778,3.67777777777778,45.17,-113.5,7600,355
20171110,5.08,60.96,0,-4.90555555555556,1.96111111111111,45.17,-113.5,7600,355
20171111,0,66.04,0,-8.91111111111111,0.816666666666666,45.17,-113.5,7600,355
20171112,0,66.04,0,-9.48333333333333,3.10555555555556,45.17,-113.5,7600,355
20171113,2.54,66.04,0,-6.05,5.39444444444444,45.17,-113.5,7600,355
20171114,5.08,68.58,0,-11.7722222222222,0.244444444444443,45.17,-113.5,7600,355
20171115,0,73.66,0,-12.3444444444444,0.244444444444443,45.17,-113.5,7600,355
20171116,2.54,73.66,0,-3.18888888888889,2.53333333333333,45.17,-113.5,7600,355
20171117,2.54,76.2,0,-8.91111111111111,-3.18888888888889,45.17,-113.5,7600,355
20171118,0,78.74,0,-9.48333333333333,0.244444444444443,45.17,-113.5,7600,355
20171119,2.54,78.74,0,-8.91111111111111,3.10555555555556,45.17,-113.5,7600,355
20171120,7.62,78.74,0,-0.900000000000001,1.96111111111111,45.17,-113.5,7600,355
20171121,5.08,86.36,0,-3.76111111111111,3.67777777777778,45.17,-113.5,7600,355
20171122,5.08,91.44,0,-0.327777777777778,5.96666666666667,45.17,-113.5,7600,355
20171123,5.08,88.9,0,0.816666666666666,8.25555555555556,45.17,-113.5,7600,355
20171124,5.08,91.44,0,-6.62222222222222,1.96111111111111,45.17,-113.5,7600,355
20171125,2.54,93.98,0,-8.91111111111111,4.82222222222222,45.17,-113.5,7600,355
20171126,2.54,93.98,0,-0.327777777777778,9.4,45.17,-113.5,7600,355
20171127,5.08,88.9,0,-8.33888888888889,2.53333333333333,45.17,-113.5,7600,355
20171128,5.08,93.98,0,-11.7722222222222,1.38888888888889,45.17,-113.5,7600,355
20171129,0,91.44,0,-13.4888888888889,-2.61666666666667,45.17,-113.5,7600,355
20171130,0,88.9,0,-13.4888888888889,1.38888888888889,45.17,-113.5,7600,355
20171201,5.08,81.28,0,-4.90555555555556,-0.900000000000001,45.17,-113.5,7600,355
20171202,7.62,86.36,0,-5.47777777777778,1.38888888888889,45.17,-113.5,7600,355
20171203,10.16,93.98,0,-9.48333333333333,-1.47222222222222,45.17,-113.5,7600,355
20171204,0,104.14,0,-14.0611111111111,-8.33888888888889,45.17,-113.5,7600,355
20171205,0,104.14,0,-17.4944444444444,-4.33333333333333,45.17,-113.5,7600,355
20171206,0,104.14,0,-18.6388888888889,-4.90555555555556,45.17,-113.5,7600,355
20171207,2.54,101.6,0,-13.4888888888889,-0.327777777777778,45.17,-113.5,7600,355
20171208,0,96.52,0,-10.6277777777778,2.53333333333333,45.17,-113.5,7600,355
20171209,2.54,99.06,0,-8.33888888888889,5.39444444444444,45.17,-113.5,7600,355
20171210,2.54,99.06,0,-7.76666666666667,4.25,45.17,-113.5,7600,355
20171211,0,101.6,0,-5.47777777777778,5.39444444444444,45.17,-113.5,7600,355
20171212,0,99.06,0,-4.33333333333333,8.25555555555556,45.17,-113.5,7600,355
20171213,5.08,99.06,0,-4.33333333333333,0.244444444444443,45.17,-113.5,7600,355
20171214,2.54,104.14,0,-11.7722222222222,-0.900000000000001,45.17,-113.5,7600,355
20171215,0,106.68,0,-5.47777777777778,4.25,45.17,-113.5,7600,355
20171216,0,106.68,0,-17.4944444444444,-3.18888888888889,45.17,-113.5,7600,355
20171217,0,104.14,0,-16.35,-3.18888888888889,45.17,-113.5,7600,355
20171218,2.54,104.14,0,-4.33333333333333,1.38888888888889,45.17,-113.5,7600,355
20171219,5.08,106.68,0,-1.47222222222222,1.38888888888889,45.17,-113.5,7600,355
20171220,5.08,111.76,0,-11.7722222222222,-0.900000000000001,45.17,-113.5,7600,355
20171221,2.54,116.84,0,-19.7833333333333,-6.05,45.17,-113.5,7600,355
20171222,7.62,119.38,0,-8.91111111111111,-4.90555555555556,45.17,-113.5,7600,355
20171223,0,127,0,-18.6388888888889,-8.33888888888889,45.17,-113.5,7600,355
20171224,5.08,127,0,-19.2111111111111,-5.47777777777778,45.17,-113.5,7600,355
20171225,5.08,132.08,0,-8.33888888888889,-3.76111111111111,45.17,-113.5,7600,355
20171226,2.54,137.16,0,-11.7722222222222,-6.62222222222222,45.17,-113.5,7600,355
20171227,5.08,139.7,0,-7.76666666666667,-2.61666666666667,45.17,-113.5,7600,355
20171228,10.16,144.78,0,-5.47777777777778,-0.900000000000001,45.17,-113.5,7600,355
20171229,27.94,154.94,0,-1.47222222222222,2.53333333333333,45.17,-113.5,7600,355
20171230,2.54,182.88,0,-8.91111111111111,0.816666666666666,45.17,-113.5,7600,355
20171231,0,185.42,0,-14.6333333333333,-4.33333333333333,45.17,-113.5,7600,355
20180101,0,185.42,0,-17.4944444444444,-3.18888888888889,45.17,-113.5,7600,355
20180102,2.54,185.42,0,-18.0666666666667,0.816666666666666,45.17,-113.5,7600,355
20180103,0,185.42,0,-8.33888888888889,2.53333333333333,45.17,-113.5,7600,355
20180104,2.54,185.42,0,-8.91111111111111,5.39444444444444,45.17,-113.5,7600,355
20180105,0,185.42,0,-1.47222222222222,3.10555555555556,45.17,-113.5,7600,355
20180106,0,185.42,0,-2.61666666666667,1.38888888888889,45.17,-113.5,7600,355
20180107,0,185.42,0,-4.33333333333333,2.53333333333333,45.17,-113.5,7600,355
20180108,0,185.42,0,-4.33333333333333,3.10555555555556,45.17,-113.5,7600,355
20180109,5.08,185.42,0,-3.76111111111111,3.67777777777778,45.17,-113.5,7600,355
20180110,0,190.5,0,-8.33888888888889,0.244444444444443,45.17,-113.5,7600,355
20180111,12.7,190.5,0,-9.48333333333333,-1.47222222222222,45.17,-113.5,7600,355
20180112,10.16,203.2,0,-3.18888888888889,0.244444444444443,45.17,-113.5,7600,355
20180113,0,213.36,0,-7.19444444444444,1.38888888888889,45.17,-113.5,7600,355
20180114,0,213.36,0,-10.0555555555556,3.10555555555556,45.17,-113.5,7600,355
20180115,2.54,210.82,0,-11.7722222222222,-2.04444444444444,45.17,-113.5,7600,355
20180116,2.54,213.36,0,-14.0611111111111,3.10555555555556,45.17,-113.5,7600,355
20180117,2.54,215.9,0,-10.6277777777778,3.67777777777778,45.17,-113.5,7600,355
20180118,10.16,218.44,0,-2.04444444444444,4.82222222222222,45.17,-113.5,7600,355
20180119,2.54,228.6,0,-14.0611111111111,-1.47222222222222,45.17,-113.5,7600,355
20180120,0,231.14,0,-14.0611111111111,-5.47777777777778,45.17,-113.5,7600,355
20180121,2.54,226.06,0,-19.2111111111111,-5.47777777777778,45.17,-113.5,7600,355
20180122,5.08,228.6,0,-10.0555555555556,-2.04444444444444,45.17,-113.5,7600,355
20180123,2.54,233.68,0,-11.7722222222222,-2.61666666666667,45.17,-113.5,7600,355
20180124,0,236.22,0,-3.18888888888889,1.96111111111111,45.17,-113.5,7600,355
20180125,2.54,236.22,0,-8.91111111111111,-0.900000000000001,45.17,-113.5,7600,355
20180126,0,238.76,0,-12.3444444444444,-4.90555555555556,45.17,-113.5,7600,355
20180127,0,238.76,0,-12.9166666666667,-3.18888888888889,45.17,-113.5,7600,355
20180128,2.54,238.76,0,-3.76111111111111,2.53333333333333,45.17,-113.5,7600,355
20180129,2.54,241.3,0,-2.04444444444444,5.96666666666667,45.17,-113.5,7600,355
20180130,0,243.84,0,-9.48333333333333,4.25,45.17,-113.5,7600,355
20180131,0,243.84,0,-8.91111111111111,-4.90555555555556,45.17,-113.5,7600,355
20180201,2.54,241.3,0,-12.9166666666667,-1.47222222222222,45.17,-113.5,7600,355
20180202,12.7,243.84,0,-3.18888888888889,3.67777777777778,45.17,-113.5,7600,355
20180203,2.54,256.54,0,-1.47222222222222,2.53333333333333,45.17,-113.5,7600,355
20180204,12.7,259.08,0,-1.47222222222222,3.67777777777778,45.17,-113.5,7600,355
20180205,2.54,271.78,0,-3.76111111111111,1.38888888888889,45.17,-113.5,7600,355
20180206,2.54,269.24,0,-4.90555555555556,-0.327777777777778,45.17,-113.5,7600,355
20180207,0,269.24,0,-4.33333333333333,3.10555555555556,45.17,-113.5,7600,355
20180208,7.62,269.24,0,0.244444444444443,3.10555555555556,45.17,-113.5,7600,355
20180209,0,276.86,0,-11.2,0.816666666666666,45.17,-113.5,7600,355
20180210,0,279.4,0,-11.7722222222222,-3.76111111111111,45.17,-113.5,7600,355
20180211,2.54,279.4,0,-14.0611111111111,-1.47222222222222,45.17,-113.5,7600,355
20180212,2.54,281.94,0,-22.0722222222222,-4.90555555555556,45.17,-113.5,7600,355
20180213,0,284.48,0,-20.3555555555556,0.816666666666666,45.17,-113.5,7600,355
20180214,0,284.48,0,-10.0555555555556,-0.327777777777778,45.17,-113.5,7600,355
20180215,0,284.48,0,-14.6333333333333,-5.47777777777778,45.17,-113.5,7600,355
20180216,2.54,284.48,0,-11.7722222222222,-3.18888888888889,45.17,-113.5,7600,355
20180217,15.24,287.02,0,-7.19444444444444,-1.47222222222222,45.17,-113.5,7600,355
20180218,2.54,302.26,0,-26.0777777777778,-3.76111111111111,45.17,-113.5,7600,355
20180219,0,304.8,0,-26.65,-12.9166666666667,45.17,-113.5,7600,355
20180220,2.54,302.26,0,-26.65,-12.9166666666667,45.17,-113.5,7600,355
20180221,2.54,304.8,0,-20.3555555555556,-8.33888888888889,45.17,-113.5,7600,355
20180222,0,307.34,0,-16.35,-7.19444444444444,45.17,-113.5,7600,355
20180223,2.54,307.34,0,-20.3555555555556,-7.19444444444444,45.17,-113.5,7600,355
20180224,2.54,309.88,0,-14.6333333333333,-5.47777777777778,45.17,-113.5,7600,355
20180225,5.08,312.42,0,-12.9166666666667,-4.90555555555556,45.17,-113.5,7600,355
20180226,2.54,317.5,0,-21.5,-6.62222222222222,45.17,-113.5,7600,355
20180227,0,320.04,0,-23.7888888888889,-5.47777777777778,45.17,-113.5,7600,355
20180228,2.54,320.04,0,-15.7777777777778,-3.18888888888889,45.17,-113.5,7600,355
20180301,0,322.58,0,-12.9166666666667,-0.327777777777778,45.17,-113.5,7600,355
20180302,7.62,322.58,0,-18.0666666666667,-1.47222222222222,45.17,-113.5,7600,355
20180303,2.54,330.2,0,-19.2111111111111,-1.47222222222222,45.17,-113.5,7600,355
20180304,0,332.74,0,-14.0611111111111,-4.90555555555556,45.17,-113.5,7600,355
20180305,2.54,332.74,0,-11.7722222222222,-4.33333333333333,45.17,-113.5,7600,355
20180306,2.54,335.28,0,-12.9166666666667,0.244444444444443,45.17,-113.5,7600,355
20180307,0,335.28,0,-13.4888888888889,6.53888888888889,45.17,-113.5,7600,355
20180308,2.54,337.82,0,-4.33333333333333,2.53333333333333,45.17,-113.5,7600,355
20180309,2.54,340.36,0,-6.05,1.96111111111111,45.17,-113.5,7600,355
20180310,0,340.36,0,-16.35,5.96666666666667,45.17,-113.5,7600,355
20180311,0,342.9,0,-12.9166666666667,5.39444444444444,45.17,-113.5,7600,355
20180312,0,342.9,0,-12.9166666666667,7.68333333333333,45.17,-113.5,7600,355
20180313,2.54,342.9,0,-10.0555555555556,7.68333333333333,45.17,-113.5,7600,355
20180314,5.08,345.44,0,-3.76111111111111,4.82222222222222,45.17,-113.5,7600,355
20180315,2.54,350.52,0,-5.47777777777778,1.96111111111111,45.17,-113.5,7600,355
20180316,2.54,353.06,0,-8.91111111111111,0.816666666666666,45.17,-113.5,7600,355
20180317,7.62,355.6,0,-8.33888888888889,0.244444444444443,45.17,-113.5,7600,355
20180318,5.08,363.22,0,-11.7722222222222,-0.327777777777778,45.17,-113.5,7600,355
20180319,2.54,368.3,0,-12.9166666666667,0.816666666666666,45.17,-113.5,7600,355
20180320,0,370.84,0,-6.05,3.10555555555556,45.17,-113.5,7600,355
20180321,0,370.84,0,-6.05,6.53888888888889,45.17,-113.5,7600,355
20180322,2.54,370.84,0,-1.47222222222222,5.39444444444444,45.17,-113.5,7600,355
20180323,0,373.38,0,-6.62222222222222,3.67777777777778,45.17,-113.5,7600,355
20180324,0,370.84,0,-11.7722222222222,3.67777777777778,45.17,-113.5,7600,355
20180325,0,368.3,0,-15.2055555555556,-0.327777777777778,45.17,-113.5,7600,355
20180326,2.54,365.76,0,-15.2055555555556,0.816666666666666,45.17,-113.5,7600,355
20180327,7.62,368.3,0,-6.05,4.82222222222222,45.17,-113.5,7600,355
20180328,5.08,375.92,0,-3.76111111111111,3.67777777777778,45.17,-113.5,7600,355
20180329,5.08,381,0,-10.0555555555556,4.25,45.17,-113.5,7600,355
20180330,0,386.08,0,-0.900000000000001,7.68333333333333,45.17,-113.5,7600,355
20180331,5.08,386.08,0,-5.47777777777778,6.53888888888889,45.17,-113.5,7600,355
20180401,0,391.16,0,-7.76666666666667,7.11111111111111,45.17,-113.5,7600,355
20180402,5.08,391.16,0,-11.2,-0.327777777777778,45.17,-113.5,7600,355
20180403,2.54,396.24,0,-15.7777777777778,1.38888888888889,45.17,-113.5,7600,355
20180404,0,396.24,0,-3.18888888888889,3.67777777777778,45.17,-113.5,7600,355
20180405,2.54,393.7,0,0.244444444444443,9.4,45.17,-113.5,7600,355
20180406,5.08,396.24,0,-5.47777777777778,7.11111111111111,45.17,-113.5,7600,355
20180407,10.16,398.78,0,-4.33333333333333,9.4,45.17,-113.5,7600,355
20180408,7.62,403.86,0,-3.18888888888889,3.67777777777778,45.17,-113.5,7600,355
20180409,10.16,411.48,0,-6.05,6.53888888888889,45.17,-113.5,7600,355
20180410,0,421.64,0,-3.76111111111111,9.97222222222222,45.17,-113.5,7600,355
20180411,5.08,421.64,0,-2.04444444444444,6.53888888888889,45.17,-113.5,7600,355
20180412,10.16,426.72,0,-6.62222222222222,0.816666666666666,45.17,-113.5,7600,355
20180413,7.62,436.88,0,-6.62222222222222,4.25,45.17,-113.5,7600,355
20180414,0,444.5,0,-2.61666666666667,7.68333333333333,45.17,-113.5,7600,355
20180415,0,444.5,0,-3.18888888888889,8.82777777777778,45.17,-113.5,7600,355
20180416,10.16,441.96,0,-7.19444444444444,3.67777777777778,45.17,-113.5,7600,355
20180417,5.08,452.12,0,-8.33888888888889,1.96111111111111,45.17,-113.5,7600,355
20180418,0,457.2,0,-11.7722222222222,5.39444444444444,45.17,-113.5,7600,355
20180419,0,457.2,0,-6.62222222222222,10.5444444444444,45.17,-113.5,7600,355
20180420,0,457.2,0,-6.05,11.6888888888889,45.17,-113.5,7600,355
20180421,0,457.2,0,-3.18888888888889,13.4055555555556,45.17,-113.5,7600,355
20180422,0,439.42,0,-3.76111111111111,13.4055555555556,45.17,-113.5,7600,355
20180423,5.08,426.72,0,-7.19444444444444,2.53333333333333,45.17,-113.5,7600,355
20180424,2.54,431.8,0,-8.33888888888889,8.82777777777778,45.17,-113.5,7600,355
20180425,0,429.26,0,-4.90555555555556,11.6888888888889,45.17,-113.5,7600,355
20180426,0,421.64,0,-3.76111111111111,16.8388888888889,45.17,-113.5,7600,355
20180427,0,406.4,0,-1.47222222222222,17.4111111111111,45.17,-113.5,7600,355
20180428,0,388.62,0,0.816666666666666,17.4111111111111,45.17,-113.5,7600,355
20180429,0,365.76,0,-2.61666666666667,7.11111111111111,45.17,-113.5,7600,355
20180430,10.16,363.22,0,-2.04444444444444,3.10555555555556,45.17,-113.5,7600,355
20180501,5.08,373.38,0,-2.04444444444444,7.68333333333333,45.17,-113.5,7600,355
20180502,5.08,370.84,0,-2.61666666666667,9.97222222222222,45.17,-113.5,7600,355
20180503,0,370.84,0,-3.18888888888889,12.8333333333333,45.17,-113.5,7600,355
20180504,0,353.06,0,-0.900000000000001,15.6944444444444,45.17,-113.5,7600,355
20180505,0,335.28,0,0.244444444444443,12.8333333333333,45.17,-113.5,7600,355
20180506,0,320.04,0,0.816666666666666,17.4111111111111,45.17,-113.5,7600,355
20180507,0,297.18,0,-0.900000000000001,13.9777777777778,45.17,-113.5,7600,355
20180508,0,276.86,0,-1.47222222222222,17.4111111111111,45.17,-113.5,7600,355
20180509,0,248.92,0,1.38888888888889,15.6944444444444,45.17,-113.5,7600,355
20180510,5.08,228.6,0,-0.900000000000001,12.2611111111111,45.17,-113.5,7600,355
20180511,17.78,223.52,0,-1.47222222222222,4.82222222222222,45.17,-113.5,7600,355
20180512,7.62,238.76,0,-1.47222222222222,4.82222222222222,45.17,-113.5,7600,355
20180513,0,238.76,0,-1.47222222222222,9.4,45.17,-113.5,7600,355
20180514,0,231.14,0,-2.61666666666667,13.9777777777778,45.17,-113.5,7600,355
20180515,2.54,213.36,0,-1.47222222222222,17.4111111111111,45.17,-113.5,7600,355
20180516,0,185.42,0,0.244444444444443,12.8333333333333,45.17,-113.5,7600,355
20180517,0,170.18,0,0.244444444444443,11.6888888888889,45.17,-113.5,7600,355
20180518,10.16,152.4,0,1.96111111111111,7.68333333333333,45.17,-113.5,7600,355
20180519,2.54,137.16,0,0.816666666666666,12.8333333333333,45.17,-113.5,7600,355
20180520,2.54,111.76,0,0.244444444444443,15.1222222222222,45.17,-113.5,7600,355
20180521,0,83.82,0,0.816666666666666,14.55,45.17,-113.5,7600,355
20180522,2.54,60.96,0,1.38888888888889,14.55,45.17,-113.5,7600,355
20180523,0,40.64,0,2.53333333333333,13.9777777777778,45.17,-113.5,7600,355
20180524,2.54,15.24,0,2.53333333333333,15.1222222222222,45.17,-113.5,7600,355
20180525,0,0,0,1.38888888888889,20.2722222222222,45.17,-113.5,7600,355
20180526,0,0,0,1.38888888888889,16.2666666666667,45.17,-113.5,7600,355
20180527,10.16,0,0,1.96111111111111,16.8388888888889,45.17,-113.5,7600,355
20180528,7.62,0,0,4.25,15.6944444444444,45.17,-113.5,7600,355
20180529,7.62,0,0,0.816666666666666,17.9833333333333,45.17,-113.5,7600,355
20180530,2.54,0,0,3.67777777777778,17.9833333333333,45.17,-113.5,7600,355
20180531,0,0,0,1.38888888888889,13.9777777777778,45.17,-113.5,7600,355
20180601,0,0,0,-1.47222222222222,7.11111111111111,45.17,-113.5,7600,355
20180602,12.7,0,0,-2.04444444444444,16.2666666666667,45.17,-113.5,7600,355
20180603,7.62,0,0,0.816666666666666,20.2722222222222,45.17,-113.5,7600,355
20180604,0,0,0,4.82222222222222,21.4166666666667,45.17,-113.5,7600,355
20180605,2.54,0,0,3.10555555555556,19.1277777777778,45.17,-113.5,7600,355
20180606,0,0,0,1.38888888888889,20.2722222222222,45.17,-113.5,7600,355
20180607,0,0,0,5.39444444444444,19.1277777777778,45.17,-113.5,7600,355
20180608,0,0,0,2.53333333333333,19.1277777777778,45.17,-113.5,7600,355
20180609,0,0,0,2.53333333333333,21.4166666666667,45.17,-113.5,7600,355
20180610,0,0,0,-0.900000000000001,5.96666666666667,45.17,-113.5,7600,355
20180611,0,0,0,-2.61666666666667,7.11111111111111,45.17,-113.5,7600,355
20180612,2.54,0,0,-3.18888888888889,15.6944444444444,45.17,-113.5,7600,355
20180613,0,0,0,1.38888888888889,22.5611111111111,45.17,-113.5,7600,355
20180614,0,0,0,4.82222222222222,17.9833333333333,45.17,-113.5,7600,355
20180615,0,0,0,1.96111111111111,15.1222222222222,45.17,-113.5,7600,355
20180616,5.08,0,0,0.816666666666666,11.1166666666667,45.17,-113.5,7600,355
20180617,5.08,0,0,3.67777777777778,7.11111111111111,45.17,-113.5,7600,355
20180618,10.16,0,0,4.82222222222222,8.82777777777778,45.17,-113.5,7600,355
20180619,2.54,0,0,4.82222222222222,11.1166666666667,45.17,-113.5,7600,355
20180620,5.08,0,0,4.82222222222222,16.2666666666667,45.17,-113.5,7600,355
20180621,5.08,0,0,5.39444444444444,16.2666666666667,45.17,-113.5,7600,355
20180622,12.7,0,0,4.82222222222222,17.9833333333333,45.17,-113.5,7600,355
20180623,0,0,0,1.96111111111111,13.9777777777778,45.17,-113.5,7600,355
20180624,0,0,0,5.39444444444444,16.2666666666667,45.17,-113.5,7600,355
20180625,0,0,0,4.25,23.1333333333333,45.17,-113.5,7600,355
20180626,0,0,0,3.67777777777778,20.2722222222222,45.17,-113.5,7600,355
20180627,0,0,0,1.38888888888889,22.5611111111111,45.17,-113.5,7600,355
20180628,0,0,0,4.82222222222222,21.4166666666667,45.17,-113.5,7600,355
20180629,0,0,0,2.53333333333333,13.4055555555556,45.17,-113.5,7600,355
20180630,0,0,0,0.244444444444443,15.1222222222222,45.17,-113.5,7600,355
20180701,0,0,0,6.53888888888889,18.5555555555556,45.17,-113.5,7600,355
20180702,0,0,0,1.96111111111111,19.1277777777778,45.17,-113.5,7600,355
20180703,0,0,0,-1.47222222222222,11.6888888888889,45.17,-113.5,7600,355
20180704,2.54,0,0,-2.04444444444444,21.4166666666667,45.17,-113.5,7600,355
20180705,2.54,0,0,4.82222222222222,26.5666666666667,45.17,-113.5,7600,355
20180706,2.54,0,0,7.68333333333333,25.4222222222222,45.17,-113.5,7600,355
20180707,0,0,0,6.53888888888889,24.2777777777778,45.17,-113.5,7600,355
20180708,0,0,0,7.11111111111111,26.5666666666667,45.17,-113.5,7600,355
20180709,2.54,0,0,8.25555555555556,27.7111111111111,45.17,-113.5,7600,355
20180710,0,0,0,7.68333333333333,26.5666666666667,45.17,-113.5,7600,355
20180711,0,0,0,3.10555555555556,22.5611111111111,45.17,-113.5,7600,355
20180712,0,0,0,4.25,23.1333333333333,45.17,-113.5,7600,355
20180713,2.54,0,0,5.96666666666667,26.5666666666667,45.17,-113.5,7600,355
20180714,0,0,0,8.25555555555556,25.4222222222222,45.17,-113.5,7600,355
20180715,0,0,0,5.39444444444444,25.4222222222222,45.17,-113.5,7600,355
20180716,0,0,0,7.11111111111111,24.2777777777778,45.17,-113.5,7600,355
20180717,0,0,0,7.68333333333333,20.8444444444444,45.17,-113.5,7600,355
20180718,0,0,0,6.53888888888889,25.9944444444445,45.17,-113.5,7600,355
20180719,0,0,0,3.67777777777778,24.85,45.17,-113.5,7600,355
20180720,0,0,0,5.39444444444444,25.9944444444445,45.17,-113.5,7600,355
20180721,0,0,0,6.53888888888889,26.5666666666667,45.17,-113.5,7600,355
20180722,0,0,0,2.53333333333333,23.1333333333333,45.17,-113.5,7600,355
20180723,0,0,0,3.67777777777778,24.2777777777778,45.17,-113.5,7600,355
20180724,0,0,0,8.25555555555556,27.1388888888889,45.17,-113.5,7600,355
20180725,0,0,0,7.11111111111111,25.4222222222222,45.17,-113.5,7600,355
20180726,0,0,0,5.39444444444444,25.4222222222222,45.17,-113.5,7600,355
20180727,0,0,0,4.82222222222222,24.2777777777778,45.17,-113.5,7600,355
20180728,0,0,0,4.82222222222222,24.2777777777778,45.17,-113.5,7600,355
20180729,0,0,0,4.25,22.5611111111111,45.17,-113.5,7600,355
20180730,2.54,0,0,5.39444444444444,25.4222222222222,45.17,-113.5,7600,355
20180731,0,0,0,7.11111111111111,25.9944444444445,45.17,-113.5,7600,355
20180801,0,0,0,8.25555555555556,27.1388888888889,45.17,-113.5,7600,355
20180802,0,0,0,8.25555555555556,25.4222222222222,45.17,-113.5,7600,355
20180803,0,0,0,4.82222222222222,21.9888888888889,45.17,-113.5,7600,355
20180804,0,0,0,1.38888888888889,19.7,45.17,-113.5,7600,355
20180805,0,0,0,2.53333333333333,19.1277777777778,45.17,-113.5,7600,355
20180806,10.16,0,0,2.53333333333333,22.5611111111111,45.17,-113.5,7600,355
20180807,0,0,0,3.67777777777778,23.7055555555556,45.17,-113.5,7600,355
20180808,0,0,0,5.96666666666667,25.9944444444445,45.17,-113.5,7600,355
20180809,0,0,0,7.11111111111111,27.7111111111111,45.17,-113.5,7600,355
20180810,0,0,0,8.25555555555556,30,45.17,-113.5,7600,355
20180811,0,0,0,11.1166666666667,28.8555555555556,45.17,-113.5,7600,355
20180812,0,0,0,7.68333333333333,25.4222222222222,45.17,-113.5,7600,355
20180813,0,0,0,3.67777777777778,23.7055555555556,45.17,-113.5,7600,355
20180814,0,0,0,2.53333333333333,23.1333333333333,45.17,-113.5,7600,355
20180815,0,0,0,3.67777777777778,25.9944444444445,45.17,-113.5,7600,355
20180816,0,0,0,5.96666666666667,23.7055555555556,45.17,-113.5,7600,355
20180817,0,0,0,7.68333333333333,24.2777777777778,45.17,-113.5,7600,355
20180818,2.54,0,0,3.10555555555556,18.5555555555556,45.17,-113.5,7600,355
20180819,0,0,0,4.25,23.1333333333333,45.17,-113.5,7600,355
20180820,2.54,0,0,4.82222222222222,16.8388888888889,45.17,-113.5,7600,355
20180821,5.08,0,0,4.25,11.1166666666667,45.17,-113.5,7600,355
20180822,5.08,0,0,2.53333333333333,17.9833333333333,45.17,-113.5,7600,355
20180823,0,0,0,4.82222222222222,20.2722222222222,45.17,-113.5,7600,355
20180824,0,0,0,3.67777777777778,20.2722222222222,45.17,-113.5,7600,355
20180825,0,0,0,1.38888888888889,19.7,45.17,-113.5,7600,355
20180826,0,0,0,3.67777777777778,14.55,45.17,-113.5,7600,355
20180827,12.7,0,0,1.96111111111111,7.11111111111111,45.17,-113.5,7600,355
20180828,5.08,0,0,0.816666666666666,12.2611111111111,45.17,-113.5,7600,355
20180829,2.54,0,0,0.816666666666666,18.5555555555556,45.17,-113.5,7600,355
20180830,0,0,0,2.53333333333333,19.1277777777778,45.17,-113.5,7600,355
20180831,0,0,0,2.53333333333333,17.9833333333333,45.17,-113.5,7600,355
20180901,0,0,0,0.816666666666666,17.9833333333333,45.17,-113.5,7600,355
20180902,0,0,0,0.244444444444443,19.7,45.17,-113.5,7600,355
20180903,0,0,0,1.38888888888889,20.2722222222222,45.17,-113.5,7600,355
20180904,0,0,0,1.38888888888889,20.8444444444444,45.17,-113.5,7600,355
20180905,0,0,0,1.38888888888889,21.9888888888889,45.17,-113.5,7600,355
20180906,0,0,0,5.96666666666667,23.1333333333333,45.17,-113.5,7600,355
20180907,0,0,0,5.39444444444444,23.7055555555556,45.17,-113.5,7600,355
20180908,0,0,0,4.25,20.8444444444444,45.17,-113.5,7600,355
20180909,0,0,0,1.38888888888889,19.7,45.17,-113.5,7600,355
20180910,0,0,0,2.53333333333333,20.2722222222222,45.17,-113.5,7600,355
20180911,0,0,0,0.816666666666666,18.5555555555556,45.17,-113.5,7600,355
20180912,0,0,0,2.53333333333333,12.2611111111111,45.17,-113.5,7600,355
20180913,0,0,0,-2.61666666666667,10.5444444444444,45.17,-113.5,7600,355
20180914,7.62,0,0,-3.18888888888889,15.1222222222222,45.17,-113.5,7600,355
20180915,0,0,0,0.816666666666666,20.2722222222222,45.17,-113.5,7600,355
20180916,0,0,0,-0.327777777777778,16.8388888888889,45.17,-113.5,7600,355
20180917,0,0,0,NaN,NaN,45.17,-113.5,7600,355
20180918,0,0,0,NaN,NaN,45.17,-113.5,7600,355
20180919,0,0,0,-1.47222222222222,15.6944444444444,45.17,-113.5,7600,355
20180920,0,0,0,-1.47222222222222,11.6888888888889,45.17,-113.5,7600,355
20180921,10.16,0,0,-1.47222222222222,16.2666666666667,45.17,-113.5,7600,355
20180922,2.54,0,0,3.67777777777778,18.5555555555556,45.17,-113.5,7600,355
20180923,0,0,0,-1.47222222222222,10.5444444444444,45.17,-113.5,7600,355
20180924,0,0,0,-3.76111111111111,7.68333333333333,45.17,-113.5,7600,355
20180925,5.08,0,0,-4.33333333333333,11.6888888888889,45.17,-113.5,7600,355
20180926,5.08,0,0,-3.18888888888889,13.4055555555556,45.17,-113.5,7600,355
20180927,2.54,0,0,1.96111111111111,15.6944444444444,45.17,-113.5,7600,355
20180928,0,0,0,-0.327777777777778,16.2666666666667,45.17,-113.5,7600,355
20180929,0,0,0,-2.04444444444444,8.25555555555556,45.17,-113.5,7600,355
20180930,0,0,0,-1.47222222222222,5.39444444444444,45.17,-113.5,7600,355
